Changes made at Sat Aug  9 05:58:18 UTC 2025
Changes made at Sat Aug  9 06:00:13 UTC 2025
Changes made at Sat Aug  9 06:01:25 UTC 2025
Changes made at Sat Aug  9 06:10:34 UTC 2025
Changes made at Sat Aug  9 08:14:07 UTC 2025
Changes made at Sat Aug  9 08:15:15 UTC 2025
Changes made at Sat Aug  9 10:11:03 UTC 2025
Changes made at Sat Aug  9 14:10:13 UTC 2025
Changes made at Sat Aug  9 16:12:55 UTC 2025
Changes made at Sun Aug 10 08:14:16 UTC 2025
Changes made at Sun Aug 10 10:11:42 UTC 2025
Changes made at Sun Aug 10 14:10:09 UTC 2025
Changes made at Sun Aug 10 16:13:05 UTC 2025
Changes made at Mon Aug 11 08:18:02 UTC 2025
Changes made at Mon Aug 11 10:13:28 UTC 2025
Changes made at Mon Aug 11 14:14:02 UTC 2025
Changes made at Mon Aug 11 16:14:48 UTC 2025
Changes made at Tue Aug 12 08:16:11 UTC 2025
Changes made at Tue Aug 12 10:12:54 UTC 2025
Changes made at Tue Aug 12 14:12:10 UTC 2025
Changes made at Tue Aug 12 16:14:22 UTC 2025
Changes made at Wed Aug 13 08:15:53 UTC 2025
Changes made at Wed Aug 13 10:12:40 UTC 2025
Changes made at Wed Aug 13 14:12:39 UTC 2025
Changes made at Wed Aug 13 16:11:15 UTC 2025
Changes made at Thu Aug 14 08:16:19 UTC 2025
Changes made at Thu Aug 14 10:12:55 UTC 2025
Changes made at Thu Aug 14 14:11:48 UTC 2025
Changes made at Thu Aug 14 16:14:54 UTC 2025
Changes made at Fri Aug 15 08:15:49 UTC 2025
Changes made at Fri Aug 15 10:12:10 UTC 2025
Changes made at Fri Aug 15 14:11:20 UTC 2025
Changes made at Fri Aug 15 16:13:34 UTC 2025
Changes made at Sat Aug 16 08:13:58 UTC 2025
Changes made at Sat Aug 16 10:10:37 UTC 2025
Changes made at Sat Aug 16 14:09:18 UTC 2025
Changes made at Sat Aug 16 16:12:01 UTC 2025
Changes made at Sun Aug 17 07:54:27 UTC 2025
Changes made at Sun Aug 17 07:58:04 UTC 2025
Changes made at Sun Aug 17 08:08:37 UTC 2025
Changes made at Sun Aug 17 08:14:27 UTC 2025
Changes made at Sun Aug 17 08:16:29 UTC 2025
Changes made at Sun Aug 17 08:17:10 UTC 2025
Changes made at Sun Aug 17 10:11:08 UTC 2025
Changes made at Sun Aug 17 11:01:37 UTC 2025
Changes made at Sun Aug 17 11:04:33 UTC 2025
Changes made at Sun Aug 17 17:43:33 UTC 2025
Changes made at Sun Aug 17 18:52:46 UTC 2025
Changes made at Sun Aug 17 21:38:09 UTC 2025
Changes made at Mon Aug 18 09:50:25 UTC 2025
Changes made at Mon Aug 18 17:47:18 UTC 2025
Changes made at Mon Aug 18 18:58:03 UTC 2025
Changes made at Mon Aug 18 21:36:54 UTC 2025
Changes made at Tue Aug 19 09:45:00 UTC 2025
Changes made at Tue Aug 19 17:43:05 UTC 2025
Changes made at Tue Aug 19 18:52:50 UTC 2025
Changes made at Tue Aug 19 21:36:16 UTC 2025
Changes made at Wed Aug 20 09:44:10 UTC 2025
Changes made at Wed Aug 20 17:42:16 UTC 2025
Changes made at Wed Aug 20 18:56:00 UTC 2025
Changes made at Wed Aug 20 21:37:33 UTC 2025
Changes made at Thu Aug 21 09:44:01 UTC 2025
Changes made at Thu Aug 21 17:52:53 UTC 2025
Changes made at Thu Aug 21 18:52:12 UTC 2025
Changes made at Thu Aug 21 21:35:50 UTC 2025
Changes made at Fri Aug 22 09:43:06 UTC 2025
Changes made at Fri Aug 22 17:41:22 UTC 2025
Changes made at Fri Aug 22 18:53:05 UTC 2025
Changes made at Fri Aug 22 21:35:13 UTC 2025
Changes made at Sat Aug 23 09:37:13 UTC 2025
Changes made at Sat Aug 23 17:33:40 UTC 2025
Changes made at Sat Aug 23 18:49:15 UTC 2025
Changes made at Sat Aug 23 21:30:34 UTC 2025
Changes made at Sun Aug 24 09:34:00 UTC 2025
Changes made at Sun Aug 24 17:37:50 UTC 2025
Changes made at Sun Aug 24 18:53:02 UTC 2025
Changes made at Sun Aug 24 21:31:18 UTC 2025
Changes made at Mon Aug 25 09:45:11 UTC 2025
Changes made at Mon Aug 25 17:40:41 UTC 2025
Changes made at Mon Aug 25 18:54:59 UTC 2025
Changes made at Mon Aug 25 21:36:54 UTC 2025
Changes made at Tue Aug 26 09:45:40 UTC 2025
Changes made at Tue Aug 26 17:41:26 UTC 2025
Changes made at Tue Aug 26 18:51:06 UTC 2025
Changes made at Tue Aug 26 21:31:05 UTC 2025
Changes made at Wed Aug 27 09:42:46 UTC 2025
Changes made at Wed Aug 27 17:39:16 UTC 2025
Changes made at Wed Aug 27 18:49:35 UTC 2025
Changes made at Wed Aug 27 21:31:24 UTC 2025
Changes made at Thu Aug 28 09:41:41 UTC 2025
Changes made at Thu Aug 28 17:39:06 UTC 2025
Changes made at Thu Aug 28 18:51:55 UTC 2025
Changes made at Thu Aug 28 21:30:42 UTC 2025
Changes made at Fri Aug 29 09:40:38 UTC 2025
Changes made at Fri Aug 29 17:37:38 UTC 2025
Changes made at Fri Aug 29 18:48:14 UTC 2025
Changes made at Fri Aug 29 21:30:09 UTC 2025
Changes made at Sat Aug 30 09:31:00 UTC 2025
Changes made at Sat Aug 30 17:31:00 UTC 2025
Changes made at Sat Aug 30 18:46:12 UTC 2025
Changes made at Sat Aug 30 21:29:21 UTC 2025
Changes made at Sun Aug 31 09:30:43 UTC 2025
Changes made at Sun Aug 31 17:32:24 UTC 2025
Changes made at Sun Aug 31 18:47:24 UTC 2025
Changes made at Sun Aug 31 21:29:42 UTC 2025
Changes made at Mon Sep  1 09:45:14 UTC 2025
Changes made at Mon Sep  1 17:33:17 UTC 2025
Changes made at Mon Sep  1 18:48:58 UTC 2025
Changes made at Mon Sep  1 21:29:54 UTC 2025
Changes made at Tue Sep  2 09:43:03 UTC 2025
Changes made at Tue Sep  2 17:37:09 UTC 2025
Changes made at Tue Sep  2 18:48:23 UTC 2025
Changes made at Tue Sep  2 21:29:01 UTC 2025
Changes made at Wed Sep  3 09:38:26 UTC 2025
Changes made at Wed Sep  3 17:37:18 UTC 2025
Changes made at Wed Sep  3 18:46:40 UTC 2025
Changes made at Wed Sep  3 21:29:55 UTC 2025
Changes made at Thu Sep  4 09:38:11 UTC 2025
Changes made at Thu Sep  4 17:36:38 UTC 2025
Changes made at Thu Sep  4 18:49:40 UTC 2025
Changes made at Thu Sep  4 21:29:57 UTC 2025
Changes made at Fri Sep  5 09:38:19 UTC 2025
Changes made at Fri Sep  5 17:37:10 UTC 2025
Changes made at Fri Sep  5 18:46:51 UTC 2025
Changes made at Fri Sep  5 21:29:15 UTC 2025
Changes made at Sat Sep  6 09:29:11 UTC 2025
Changes made at Sat Sep  6 17:29:13 UTC 2025
Changes made at Sat Sep  6 18:43:24 UTC 2025
Changes made at Sat Sep  6 21:27:07 UTC 2025
Changes made at Sun Sep  7 09:29:22 UTC 2025
Changes made at Sun Sep  7 17:29:23 UTC 2025
Changes made at Sun Sep  7 18:43:53 UTC 2025
Changes made at Sun Sep  7 21:28:06 UTC 2025
Changes made at Mon Sep  8 09:43:58 UTC 2025
Changes made at Mon Sep  8 17:39:22 UTC 2025
Changes made at Mon Sep  8 18:49:04 UTC 2025
Changes made at Mon Sep  8 21:31:00 UTC 2025
Changes made at Tue Sep  9 09:42:06 UTC 2025
Changes made at Tue Sep  9 17:32:37 UTC 2025
Changes made at Tue Sep  9 18:46:51 UTC 2025
Changes made at Tue Sep  9 21:29:16 UTC 2025
Changes made at Wed Sep 10 09:39:09 UTC 2025
Changes made at Wed Sep 10 17:32:29 UTC 2025
Changes made at Wed Sep 10 18:49:41 UTC 2025
Changes made at Wed Sep 10 21:29:44 UTC 2025
Changes made at Thu Sep 11 09:36:34 UTC 2025
Changes made at Thu Sep 11 17:31:27 UTC 2025
Changes made at Thu Sep 11 18:47:11 UTC 2025
Changes made at Thu Sep 11 21:28:32 UTC 2025
Changes made at Fri Sep 12 09:34:49 UTC 2025
Changes made at Fri Sep 12 17:31:30 UTC 2025
Changes made at Fri Sep 12 18:44:40 UTC 2025
Changes made at Fri Sep 12 21:28:06 UTC 2025
Changes made at Sat Sep 13 09:29:15 UTC 2025
Changes made at Sat Sep 13 17:28:39 UTC 2025
Changes made at Sat Sep 13 18:42:13 UTC 2025
Changes made at Sat Sep 13 21:26:48 UTC 2025
Changes made at Sun Sep 14 09:29:35 UTC 2025
Changes made at Sun Sep 14 17:28:24 UTC 2025
Changes made at Sun Sep 14 18:43:09 UTC 2025
Changes made at Sun Sep 14 21:27:31 UTC 2025
Changes made at Mon Sep 15 09:42:43 UTC 2025
Changes made at Mon Sep 15 17:37:34 UTC 2025
Changes made at Mon Sep 15 18:50:01 UTC 2025
Changes made at Mon Sep 15 21:30:17 UTC 2025
Changes made at Tue Sep 16 09:42:12 UTC 2025
Changes made at Tue Sep 16 17:37:15 UTC 2025
Changes made at Tue Sep 16 18:42:04 UTC 2025
Changes made at Tue Sep 16 21:28:25 UTC 2025
Changes made at Wed Sep 17 09:31:59 UTC 2025
Changes made at Wed Sep 17 17:30:15 UTC 2025
Changes made at Wed Sep 17 18:42:19 UTC 2025
Changes made at Wed Sep 17 21:26:16 UTC 2025
Changes made at Thu Sep 18 09:31:57 UTC 2025
Changes made at Thu Sep 18 17:31:02 UTC 2025
Changes made at Thu Sep 18 18:42:53 UTC 2025
Changes made at Thu Sep 18 21:29:23 UTC 2025
Changes made at Fri Sep 19 09:32:18 UTC 2025
Changes made at Fri Sep 19 17:30:18 UTC 2025
Changes made at Fri Sep 19 18:40:57 UTC 2025
Changes made at Fri Sep 19 21:27:26 UTC 2025
Changes made at Sat Sep 20 09:29:10 UTC 2025
Changes made at Sat Sep 20 17:27:12 UTC 2025
Changes made at Sat Sep 20 18:36:11 UTC 2025
Changes made at Sat Sep 20 21:25:56 UTC 2025
Changes made at Sun Sep 21 09:28:20 UTC 2025
Changes made at Sun Sep 21 17:28:57 UTC 2025
Changes made at Sun Sep 21 18:38:24 UTC 2025
Changes made at Sun Sep 21 21:27:22 UTC 2025
Changes made at Mon Sep 22 09:35:33 UTC 2025
Changes made at Mon Sep 22 17:30:35 UTC 2025
Changes made at Mon Sep 22 18:41:17 UTC 2025
Changes made at Mon Sep 22 21:28:09 UTC 2025
Changes made at Tue Sep 23 09:33:03 UTC 2025
Changes made at Tue Sep 23 17:29:06 UTC 2025
Changes made at Tue Sep 23 18:42:50 UTC 2025
Changes made at Tue Sep 23 21:28:41 UTC 2025
Changes made at Wed Sep 24 09:32:47 UTC 2025
Changes made at Wed Sep 24 17:32:15 UTC 2025
Changes made at Wed Sep 24 18:40:00 UTC 2025
Changes made at Wed Sep 24 21:28:47 UTC 2025
Changes made at Thu Sep 25 09:32:41 UTC 2025
Changes made at Thu Sep 25 17:31:19 UTC 2025
Changes made at Thu Sep 25 18:43:09 UTC 2025
Changes made at Thu Sep 25 21:26:46 UTC 2025
Changes made at Fri Sep 26 09:32:56 UTC 2025
Changes made at Fri Sep 26 17:30:27 UTC 2025
Changes made at Fri Sep 26 18:40:53 UTC 2025
Changes made at Fri Sep 26 21:27:23 UTC 2025
Changes made at Sat Sep 27 09:28:01 UTC 2025
Changes made at Sat Sep 27 17:28:29 UTC 2025
Changes made at Sat Sep 27 18:37:35 UTC 2025
Changes made at Sat Sep 27 21:26:46 UTC 2025
Changes made at Sun Sep 28 09:28:10 UTC 2025
Changes made at Sun Sep 28 17:27:53 UTC 2025
Changes made at Sun Sep 28 18:36:53 UTC 2025
Changes made at Sun Sep 28 21:26:40 UTC 2025
Changes made at Mon Sep 29 09:35:35 UTC 2025
Changes made at Mon Sep 29 17:30:42 UTC 2025
Changes made at Mon Sep 29 18:42:51 UTC 2025
Changes made at Mon Sep 29 21:28:17 UTC 2025
Changes made at Tue Sep 30 09:32:44 UTC 2025
Changes made at Tue Sep 30 17:31:46 UTC 2025
Changes made at Tue Sep 30 18:41:13 UTC 2025
Changes made at Tue Sep 30 21:29:00 UTC 2025
Changes made at Wed Oct  1 09:33:29 UTC 2025
Changes made at Wed Oct  1 17:32:01 UTC 2025
Changes made at Wed Oct  1 18:43:05 UTC 2025
Changes made at Wed Oct  1 21:29:00 UTC 2025
Changes made at Thu Oct  2 09:31:10 UTC 2025
Changes made at Thu Oct  2 17:29:43 UTC 2025
Changes made at Thu Oct  2 18:40:59 UTC 2025
Changes made at Thu Oct  2 21:27:09 UTC 2025
Changes made at Fri Oct  3 09:30:51 UTC 2025
Changes made at Fri Oct  3 17:29:43 UTC 2025
Changes made at Fri Oct  3 18:41:12 UTC 2025
Changes made at Fri Oct  3 21:27:18 UTC 2025
Changes made at Sat Oct  4 09:28:17 UTC 2025
Changes made at Sat Oct  4 17:27:49 UTC 2025
Changes made at Sat Oct  4 18:38:00 UTC 2025
Changes made at Sat Oct  4 21:26:14 UTC 2025
Changes made at Sun Oct  5 09:28:19 UTC 2025
Changes made at Sun Oct  5 17:28:22 UTC 2025
Changes made at Sun Oct  5 18:38:04 UTC 2025
Changes made at Sun Oct  5 21:26:50 UTC 2025
Changes made at Mon Oct  6 09:34:12 UTC 2025
Changes made at Mon Oct  6 17:30:58 UTC 2025
Changes made at Mon Oct  6 18:43:02 UTC 2025
Changes made at Mon Oct  6 21:28:16 UTC 2025
Changes made at Tue Oct  7 09:32:57 UTC 2025
Changes made at Tue Oct  7 17:31:22 UTC 2025
Changes made at Tue Oct  7 18:43:39 UTC 2025
Changes made at Tue Oct  7 21:28:07 UTC 2025
Changes made at Wed Oct  8 09:33:27 UTC 2025
Changes made at Wed Oct  8 17:31:23 UTC 2025
Changes made at Wed Oct  8 18:44:24 UTC 2025
Changes made at Wed Oct  8 21:28:54 UTC 2025
Changes made at Thu Oct  9 09:33:02 UTC 2025
Changes made at Thu Oct  9 17:32:14 UTC 2025
Changes made at Thu Oct  9 18:42:25 UTC 2025
Changes made at Thu Oct  9 21:29:09 UTC 2025
Changes made at Fri Oct 10 09:32:49 UTC 2025
Changes made at Fri Oct 10 17:30:34 UTC 2025
Changes made at Fri Oct 10 18:41:43 UTC 2025
Changes made at Fri Oct 10 21:27:40 UTC 2025
Changes made at Sat Oct 11 09:28:33 UTC 2025
Changes made at Sat Oct 11 17:27:37 UTC 2025
Changes made at Sat Oct 11 18:35:18 UTC 2025
Changes made at Sat Oct 11 21:26:24 UTC 2025
Changes made at Sun Oct 12 09:28:48 UTC 2025
Changes made at Sun Oct 12 17:28:09 UTC 2025
Changes made at Sun Oct 12 18:38:24 UTC 2025
Changes made at Sun Oct 12 21:27:20 UTC 2025
Changes made at Mon Oct 13 09:36:46 UTC 2025
Changes made at Mon Oct 13 17:30:49 UTC 2025
Changes made at Mon Oct 13 18:41:53 UTC 2025
Changes made at Mon Oct 13 21:27:11 UTC 2025
Changes made at Tue Oct 14 09:34:09 UTC 2025
Changes made at Tue Oct 14 17:29:18 UTC 2025
Changes made at Tue Oct 14 18:42:49 UTC 2025
Changes made at Tue Oct 14 21:28:33 UTC 2025
Changes made at Wed Oct 15 09:33:59 UTC 2025
Changes made at Wed Oct 15 17:31:59 UTC 2025
Changes made at Wed Oct 15 18:44:07 UTC 2025
Changes made at Wed Oct 15 21:28:58 UTC 2025
Changes made at Thu Oct 16 09:34:22 UTC 2025
Changes made at Thu Oct 16 17:32:22 UTC 2025
Changes made at Thu Oct 16 18:43:49 UTC 2025
Changes made at Thu Oct 16 21:26:42 UTC 2025
Changes made at Fri Oct 17 09:32:56 UTC 2025
Changes made at Fri Oct 17 17:30:50 UTC 2025
Changes made at Fri Oct 17 18:40:48 UTC 2025
Changes made at Fri Oct 17 21:28:46 UTC 2025
Changes made at Sat Oct 18 09:29:30 UTC 2025
Changes made at Sat Oct 18 17:28:52 UTC 2025
Changes made at Sat Oct 18 18:38:25 UTC 2025
Changes made at Sat Oct 18 21:27:20 UTC 2025
Changes made at Sun Oct 19 09:29:04 UTC 2025
Changes made at Sun Oct 19 17:29:09 UTC 2025
Changes made at Sun Oct 19 18:39:03 UTC 2025
Changes made at Sun Oct 19 21:27:49 UTC 2025
Changes made at Mon Oct 20 09:34:54 UTC 2025
Changes made at Mon Oct 20 17:31:47 UTC 2025
Changes made at Mon Oct 20 18:45:19 UTC 2025
Changes made at Mon Oct 20 21:30:18 UTC 2025
Changes made at Tue Oct 21 09:33:48 UTC 2025
Changes made at Tue Oct 21 17:31:22 UTC 2025
Changes made at Tue Oct 21 18:44:23 UTC 2025
Changes made at Tue Oct 21 21:29:46 UTC 2025
Changes made at Wed Oct 22 09:37:25 UTC 2025
Changes made at Wed Oct 22 17:30:44 UTC 2025
Changes made at Wed Oct 22 18:45:14 UTC 2025
Changes made at Wed Oct 22 21:25:46 UTC 2025
Changes made at Thu Oct 23 09:34:37 UTC 2025
Changes made at Thu Oct 23 17:32:10 UTC 2025
Changes made at Thu Oct 23 18:44:02 UTC 2025
Changes made at Thu Oct 23 21:26:38 UTC 2025
Changes made at Fri Oct 24 09:33:15 UTC 2025
Changes made at Fri Oct 24 17:32:13 UTC 2025
Changes made at Fri Oct 24 18:41:45 UTC 2025
Changes made at Fri Oct 24 21:28:56 UTC 2025
Changes made at Sat Oct 25 09:29:01 UTC 2025
Changes made at Sat Oct 25 17:29:41 UTC 2025
Changes made at Sat Oct 25 18:39:34 UTC 2025
Changes made at Sat Oct 25 21:28:15 UTC 2025
Changes made at Sun Oct 26 09:29:23 UTC 2025
Changes made at Sun Oct 26 17:29:54 UTC 2025
Changes made at Sun Oct 26 18:40:41 UTC 2025
Changes made at Sun Oct 26 21:28:20 UTC 2025
Changes made at Mon Oct 27 09:37:34 UTC 2025
Changes made at Mon Oct 27 17:32:14 UTC 2025
Changes made at Mon Oct 27 18:44:05 UTC 2025
Changes made at Mon Oct 27 21:29:45 UTC 2025
Changes made at Tue Oct 28 09:34:10 UTC 2025
Changes made at Tue Oct 28 17:34:41 UTC 2025
Changes made at Tue Oct 28 18:46:26 UTC 2025
Changes made at Tue Oct 28 21:30:15 UTC 2025
Changes made at Wed Oct 29 09:33:57 UTC 2025
Changes made at Wed Oct 29 17:34:20 UTC 2025
Changes made at Wed Oct 29 18:44:47 UTC 2025
Changes made at Wed Oct 29 21:30:20 UTC 2025
Changes made at Thu Oct 30 09:33:55 UTC 2025
Changes made at Thu Oct 30 17:33:51 UTC 2025
Changes made at Thu Oct 30 18:44:54 UTC 2025
Changes made at Thu Oct 30 21:29:50 UTC 2025
Changes made at Fri Oct 31 09:33:52 UTC 2025
Changes made at Fri Oct 31 17:32:42 UTC 2025
Changes made at Fri Oct 31 18:44:33 UTC 2025
Changes made at Fri Oct 31 21:26:32 UTC 2025
Changes made at Sat Nov  1 09:29:51 UTC 2025
Changes made at Sat Nov  1 17:28:31 UTC 2025
Changes made at Sat Nov  1 18:38:33 UTC 2025
Changes made at Sat Nov  1 21:26:59 UTC 2025
Changes made at Sun Nov  2 09:29:34 UTC 2025
Changes made at Sun Nov  2 17:29:53 UTC 2025
Changes made at Sun Nov  2 18:37:59 UTC 2025
Changes made at Sun Nov  2 21:27:30 UTC 2025
Changes made at Mon Nov  3 09:39:05 UTC 2025
Changes made at Mon Nov  3 17:33:20 UTC 2025
Changes made at Mon Nov  3 18:41:21 UTC 2025
Changes made at Mon Nov  3 21:30:16 UTC 2025
Changes made at Tue Nov  4 09:37:02 UTC 2025
Changes made at Tue Nov  4 17:32:15 UTC 2025
Changes made at Tue Nov  4 18:44:52 UTC 2025
Changes made at Tue Nov  4 21:30:26 UTC 2025
Changes made at Wed Nov  5 09:36:48 UTC 2025
Changes made at Wed Nov  5 17:33:59 UTC 2025
Changes made at Wed Nov  5 18:44:33 UTC 2025
Changes made at Wed Nov  5 21:30:03 UTC 2025
Changes made at Thu Nov  6 09:35:35 UTC 2025
Changes made at Thu Nov  6 17:34:23 UTC 2025
Changes made at Thu Nov  6 18:45:59 UTC 2025
Changes made at Thu Nov  6 21:30:30 UTC 2025
Changes made at Fri Nov  7 09:33:15 UTC 2025
Changes made at Fri Nov  7 17:32:17 UTC 2025
Changes made at Fri Nov  7 18:41:39 UTC 2025
Changes made at Fri Nov  7 21:27:41 UTC 2025
Changes made at Sat Nov  8 09:30:07 UTC 2025
Changes made at Sat Nov  8 17:29:31 UTC 2025
Changes made at Sat Nov  8 18:40:22 UTC 2025
Changes made at Sat Nov  8 21:27:14 UTC 2025
Changes made at Sun Nov  9 09:29:39 UTC 2025
